sourceId,sku,name,qtyBox,qtyPcs,srcLoc,destLoc,trip,expDate,ean,alloc_batch_id,alloc_timestamp
,BT0044,樂天小熊餅-巧克力風味分享包FOR PX,42,672,,BL212,6/27-1,2027/06/19,4712834456439,BATCH_00001,2026-06-26 14:36:49
,BT0044,樂天小熊餅-巧克力風味分享包FOR PX,42,672,,BL213,6/27-1,2027/06/19,4712834456439,BATCH_00002,2026-06-26 14:36:49
,BT0044,樂天小熊餅-巧克力風味分享包FOR PX,42,672,,BL214,6/27-1,2027/06/19,4712834456439,BATCH_00003,2026-06-26 14:36:49
,BT0044,樂天小熊餅-巧克力風味分享包FOR PX,42,672,,BL222,6/27-1,2027/06/19,4712834456439,BATCH_00004,2026-06-26 14:36:49
,BT0044,樂天小熊餅-巧克力風味分享包FOR PX,42,672,,BL223,6/27-1,2027/06/19,4712834456439,BATCH_00005,2026-06-26 14:36:49
,BT0044,樂天小熊餅-巧克力風味分享包FOR PX,42,672,,BL224,6/27-1,2027/06/19,4712834456439,BATCH_00006,2026-06-26 14:36:49
,BT0044,樂天小熊餅-巧克力風味分享包FOR PX,42,672,,BL232,6/27-1,2027/06/19,4712834456439,BATCH_00007,2026-06-26 14:36:49
,BT0044,樂天小熊餅-巧克力風味分享包FOR PX,42,672,,BL233,6/27-1,2027/06/19,4712834456439,BATCH_00008,2026-06-26 14:36:49
,BT0044,樂天小熊餅-巧克力風味分享包FOR PX,42,672,,BL234,6/27-1,2027/06/19,4712834456439,BATCH_00009,2026-06-26 14:36:49
,BT0051,樂天小熊餅-家庭號草莓風味195g,34,348,,BN264,6/27-1,2027/03/23,58852008300296,BATCH_00010,2026-06-26 14:36:49
,BT0051,樂天小熊餅-家庭號草莓風味195g,48,480,,BM222,6/27-1,2027/03/23,58852008300296,BATCH_00011,2026-06-26 14:36:49
,BT0051,樂天小熊餅-家庭號草莓風味195g,48,480,,BM223,6/27-1,2027/03/23,58852008300296,BATCH_00012,2026-06-26 14:36:49
,BT0052,樂天小熊餅-家庭號牛奶風味195g,41,416,,BF184,6/27-1,2027/04/09,58852008300982,BATCH_00013,2026-06-26 14:36:49
,BT0052,樂天小熊餅-家庭號牛奶風味195g,48,480,,BM224,6/27-1,2027/04/09,58852008300982,BATCH_00014,2026-06-26 14:36:49
,BT0052,樂天小熊餅-家庭號牛奶風味195g,48,480,,BM232,6/27-1,2027/04/09,58852008300982,BATCH_00015,2026-06-26 14:36:49
,BT0052,樂天小熊餅-家庭號牛奶風味195g,48,480,,BM233,6/27-1,2027/04/09,58852008300982,BATCH_00016,2026-06-26 14:36:49
,BT0060,樂天小熊餅－巧克力風味37g,30,1440,,BJ193,6/27-1,2027/05/16,58852008300203,BATCH_00017,2026-06-26 14:36:49
,BT0060,樂天小熊餅－巧克力風味37g,45,2160,,BK084,6/27-1,2027/07/22,58852008300203,BATCH_00018,2026-06-26 14:36:49
,BT0060,樂天小熊餅－巧克力風味37g,45,2160,,BK092,6/27-1,2027/07/22,58852008300203,BATCH_00019,2026-06-26 14:36:49
,BT0060,樂天小熊餅－巧克力風味37g,45,2160,,BK093,6/27-1,2027/07/22,58852008300203,BATCH_00020,2026-06-26 14:36:49
,BT0060,樂天小熊餅－巧克力風味37g,45,2160,,BK094,6/27-1,2027/07/22,58852008300203,BATCH_00021,2026-06-26 14:36:49
,BT0060,樂天小熊餅－巧克力風味37g,45,2160,,BK102,6/27-1,2027/05/16,58852008300203,BATCH_00022,2026-06-26 14:36:49
,BT0060,樂天小熊餅－巧克力風味37g,45,2160,,BK103,6/27-1,2027/05/16,58852008300203,BATCH_00023,2026-06-26 14:36:49
,BT0060,樂天小熊餅－巧克力風味37g,45,2160,,BK104,6/27-1,2027/05/16,58852008300203,BATCH_00024,2026-06-26 14:36:49
,BT0060,樂天小熊餅－巧克力風味37g,45,2160,,BK112,6/27-1,2027/05/16,58852008300203,BATCH_00025,2026-06-26 14:36:49
,BT0060,樂天小熊餅－巧克力風味37g,45,2160,,BK113,6/27-1,2027/05/16,58852008300203,BATCH_00026,2026-06-26 14:36:49
,BT0060,樂天小熊餅－巧克力風味37g,45,2160,,BK114,6/27-1,2027/06/17,58852008300203,BATCH_00027,2026-06-26 14:36:49
,BT0060,樂天小熊餅－巧克力風味37g,45,2160,,BK122,6/27-1,2027/06/06,58852008300203,BATCH_00028,2026-06-26 14:36:49
,BT0060,樂天小熊餅－巧克力風味37g,45,2160,,BK123,6/27-1,2027/05/16,58852008300203,BATCH_00029,2026-06-26 14:36:49
,BT0060,樂天小熊餅－巧克力風味37g,45,2160,,BK124,6/27-1,2027/06/06,58852008300203,BATCH_00030,2026-06-26 14:36:49
,BT0061,樂天小熊餅－草莓風味37g,45,2160,,BK132,6/27-1,2027/06/17,58852008300234,BATCH_00031,2026-06-26 14:36:49
,BT0061,樂天小熊餅－草莓風味37g,45,2160,,BK133,6/27-1,2027/06/17,58852008300234,BATCH_00032,2026-06-26 14:36:49
,BT0061,樂天小熊餅－草莓風味37g,45,2160,,BK134,6/27-2,2027/06/17,58852008300234,BATCH_00033,2026-06-26 14:36:49
,BT0061,樂天小熊餅－草莓風味37g,45,2160,,BK142,6/27-2,2027/06/17,58852008300234,BATCH_00034,2026-06-26 14:36:49
,BT0061,樂天小熊餅－草莓風味37g,45,2160,,BK143,6/27-2,2027/06/17,58852008300234,BATCH_00035,2026-06-26 14:36:49
,BT0061,樂天小熊餅－草莓風味37g,45,2160,,BK144,6/27-2,2027/06/17,58852008300234,BATCH_00036,2026-06-26 14:36:49
,BT0061,樂天小熊餅－草莓風味37g,45,2160,,BK152,6/27-2,2027/06/17,58852008300234,BATCH_00037,2026-06-26 14:36:49
,BT0061,樂天小熊餅－草莓風味37g,45,2160,,BK153,6/27-2,2027/06/17,58852008300234,BATCH_00038,2026-06-26 14:36:49
,BT0061,樂天小熊餅－草莓風味37g,45,2160,,BK154,6/27-2,2027/06/17,58852008300234,BATCH_00039,2026-06-26 14:36:49
,BT0061,樂天小熊餅－草莓風味37g,45,2160,,BK162,6/27-2,2027/06/17,58852008300234,BATCH_00040,2026-06-26 14:36:49
,BT0061,樂天小熊餅－草莓風味37g,45,2160,,BK163,6/27-2,2027/06/17,58852008300234,BATCH_00041,2026-06-26 14:36:49
,BT0061,樂天小熊餅－草莓風味37g,45,2160,,BK164,6/27-2,2027/06/17,58852008300234,BATCH_00042,2026-06-26 14:36:49
,BT0062,樂天小熊餅－牛奶風味37g,30,1464,,BJ192,6/27-2,2027/06/05,58852008300784,BATCH_00043,2026-06-26 14:36:49
,BT0062,樂天小熊餅－牛奶風味37g,40,1920,,BJ154,6/27-2,2027/06/05,58852008300784,BATCH_00044,2026-06-26 14:36:49
,BT0062,樂天小熊餅－牛奶風味37g,45,2160,,BK172,6/27-2,2027/06/05,58852008300784,BATCH_00045,2026-06-26 14:36:49
,BT0062,樂天小熊餅－牛奶風味37g,45,2160,,BK173,6/27-2,2027/06/05,58852008300784,BATCH_00046,2026-06-26 14:36:49
,BT0062,樂天小熊餅－牛奶風味37g,45,2160,,BK174,6/27-2,2027/06/05,58852008300784,BATCH_00047,2026-06-26 14:36:49
,BT0062,樂天小熊餅－牛奶風味37g,45,2160,,BK182,6/27-2,2027/06/05,58852008300784,BATCH_00048,2026-06-26 14:36:49
,BT0062,樂天小熊餅－牛奶風味37g,45,2160,,BK183,6/27-2,2027/06/05,58852008300784,BATCH_00049,2026-06-26 14:36:49
,BT0063,樂天小熊餅－濃黑巧克力風味37g,45,2160,,BK184,6/27-2,2027/07/27,58852008304867,BATCH_00050,2026-06-26 14:36:49
,BT0064,樂天小熊餅－北海道牛奶風味37g,45,2160,,BK192,6/27-2,2027/06/26,58852008304898,BATCH_00051,2026-06-26 14:36:49
,BT0064,樂天小熊餅－北海道牛奶風味37g,45,2160,,BK193,6/27-2,2027/06/26,58852008304898,BATCH_00052,2026-06-26 14:36:49
,BT0064,樂天小熊餅－北海道牛奶風味37g,45,2160,,BK194,6/27-2,2027/06/26,58852008304898,BATCH_00053,2026-06-26 14:36:49
,BT0064,樂天小熊餅－北海道牛奶風味37g,45,2160,,BK202,6/27-2,2027/05/25,58852008304898,BATCH_00054,2026-06-26 14:36:49
,BT0064,樂天小熊餅－北海道牛奶風味37g,54,2592,,BK074,6/27-2,2027/05/25,58852008304898,BATCH_00055,2026-06-26 14:36:49
,BT0066,樂天小熊餅－家庭號草莓風味195g,48,480,,BM234,6/27-2,2027/07/08,58852008300296,BATCH_00056,2026-06-26 14:36:49
,BT0066,樂天小熊餅－家庭號草莓風味195g,48,480,,BM242,6/27-2,2027/07/08,58852008300296,BATCH_00057,2026-06-26 14:36:49
,BT0066,樂天小熊餅－家庭號草莓風味195g,48,480,,BM243,6/27-2,2027/07/08,58852008300296,BATCH_00058,2026-06-26 14:36:49
,BT0066,樂天小熊餅－家庭號草莓風味195g,48,480,,BM244,6/27-2,2027/07/08,58852008300296,BATCH_00059,2026-06-26 14:36:49
,BT0067,樂天小熊餅－家庭號牛奶風味195g,48,480,,BM252,6/27-2,2027/08/06,58852008300982,BATCH_00060,2026-06-26 14:36:49
,BT0067,樂天小熊餅－家庭號牛奶風味195g,49,490,,BM034,6/27-2,2027/08/06,58852008300982,BATCH_00061,2026-06-26 14:36:49
,BT0068,樂天小熊餅家庭號－濃黑巧克力風味195g,48,480,,BM253,6/27-2,2027/07/20,58852008304911,BATCH_00062,2026-06-26 14:36:49
,BT9083,樂天小熊餅聖誕節限定版－巧克力風味37g,45,2160,,BK203,6/27-2,2026/12/10,58852008305390,BATCH_00063,2026-06-26 14:36:49
,BT9122,樂天小熊餅家庭號草莓風味195g for PX,41,410,,BF192,6/27-2,2027/03/23,58852008300296,BATCH_00064,2026-06-26 14:36:49
,BT9123,樂天小熊餅家庭號濃黑巧克力風味195g for PX,36,360,,BN253,6/27-3,2027/06/10,58852008304911,BATCH_00065,2026-06-26 14:36:49
,BT9135,樂天小熊餅－泰奶風味33g,40,1920,,BJ162,6/27-3,2027/08/11,58852008306557,BATCH_00066,2026-06-26 14:36:49
,BT9135,樂天小熊餅－泰奶風味33g,45,2160,,BK204,6/27-3,2027/08/12,58852008306557,BATCH_00067,2026-06-26 14:36:49
,BT9135,樂天小熊餅－泰奶風味33g,45,2160,,BK212,6/27-3,2027/08/12,58852008306557,BATCH_00068,2026-06-26 14:36:49
,BT9135,樂天小熊餅－泰奶風味33g,45,2160,,BK213,6/27-3,2027/08/12,58852008306557,BATCH_00069,2026-06-26 14:36:49
,BT9135,樂天小熊餅－泰奶風味33g,45,2160,,BK214,6/27-3,2027/08/12,58852008306557,BATCH_00070,2026-06-26 14:36:49
,BT9135,樂天小熊餅－泰奶風味33g,45,2160,,BK222,6/27-3,2027/08/12,58852008306557,BATCH_00071,2026-06-26 14:36:49
,BT9135,樂天小熊餅－泰奶風味33g,45,2160,,BK223,6/27-3,2027/08/12,58852008306557,BATCH_00072,2026-06-26 14:36:49
,BT9135,樂天小熊餅－泰奶風味33g,46,2208,,BK083,6/27-3,2027/08/12,58852008306557,BATCH_00073,2026-06-26 14:36:49
,BT9136,樂天小熊餅家庭號－泰奶風味175g,42,420,,BF174,6/27-3,2027/08/12,58852008306595,BATCH_00074,2026-06-26 14:36:49
,BT9136,樂天小熊餅家庭號－泰奶風味175g,48,480,,BM254,6/27-3,2027/08/12,58852008306595,BATCH_00075,2026-06-26 14:36:49
,BT9136,樂天小熊餅家庭號－泰奶風味175g,48,480,,BM262,6/27-3,2027/08/12,58852008306595,BATCH_00076,2026-06-26 14:36:49
,BT9136,樂天小熊餅家庭號－泰奶風味175g,48,480,,BM263,6/27-3,2027/08/12,58852008306595,BATCH_00077,2026-06-26 14:36:49
,BT9140,樂天小熊餅-泰奶風味(For PX),34,1632,,BJ174,6/27-3,2027/08/11,58852008306557,BATCH_00078,2026-06-26 14:36:49
,BT9140,樂天小熊餅-泰奶風味(For PX),45,2160,,BK224,6/27-3,2027/08/12,58852008306557,BATCH_00079,2026-06-26 14:36:49
,BT9140,樂天小熊餅-泰奶風味(For PX),45,2160,,BK232,6/27-3,2027/08/12,58852008306557,BATCH_00080,2026-06-26 14:36:49
,BT9140,樂天小熊餅-泰奶風味(For PX),45,2160,,BK233,6/27-3,2027/08/11,58852008306557,BATCH_00081,2026-06-26 14:36:49
,BT9140,樂天小熊餅-泰奶風味(For PX),45,2160,,BK234,6/27-3,2027/08/11,58852008306557,BATCH_00082,2026-06-26 14:36:49
,BT9140,樂天小熊餅-泰奶風味(For PX),45,2160,,BK242,6/27-3,2027/08/11,58852008306557,BATCH_00083,2026-06-26 14:36:49
,BT9140,樂天小熊餅-泰奶風味(For PX),45,2160,,BK243,6/27-3,2027/08/12,58852008306557,BATCH_00084,2026-06-26 14:36:49
,BT9140,樂天小熊餅-泰奶風味(For PX),45,2160,,BK244,6/27-3,2027/08/12,58852008306557,BATCH_00085,2026-06-26 14:36:49
,BT9140,樂天小熊餅-泰奶風味(For PX),45,2160,,BK252,6/27-3,2027/08/12,58852008306557,BATCH_00086,2026-06-26 14:36:49
,BT9140,樂天小熊餅-泰奶風味(For PX),45,2160,,BK253,6/27-3,2027/08/12,58852008306557,BATCH_00087,2026-06-26 14:36:49
,BT9140,樂天小熊餅-泰奶風味(For PX),45,2160,,BK254,6/27-3,2027/08/12,58852008306557,BATCH_00088,2026-06-26 14:36:49
,BT9140,樂天小熊餅-泰奶風味(For PX),45,2160,,BK262,6/27-3,2027/08/12,58852008306557,BATCH_00089,2026-06-26 14:36:49
,BT9140,樂天小熊餅-泰奶風味(For PX),45,2160,,BK263,6/27-3,2027/08/12,58852008306557,BATCH_00090,2026-06-26 14:36:49
,BT9140,樂天小熊餅-泰奶風味(For PX),45,2160,,BK264,6/27-3,2027/08/12,58852008306557,BATCH_00091,2026-06-26 14:36:49
,BT9140,樂天小熊餅-泰奶風味(For PX),45,2160,,BJ124,6/27-3,2027/08/12,58852008306557,BATCH_00092,2026-06-26 14:36:49
,BT9140,樂天小熊餅-泰奶風味(For PX),45,2160,,BJ132,6/27-3,2027/08/12,58852008306557,BATCH_00093,2026-06-26 14:36:49
,BT9140,樂天小熊餅-泰奶風味(For PX),45,2160,,BJ133,6/27-3,2027/08/12,58852008306557,BATCH_00094,2026-06-26 14:36:49
,BT9140,樂天小熊餅-泰奶風味(For PX),45,2160,,BJ134,6/27-3,2027/08/12,58852008306557,BATCH_00095,2026-06-26 14:36:49
,BT9140,樂天小熊餅-泰奶風味(For PX),45,2160,,BJ142,6/27-3,2027/08/11,58852008306557,BATCH_00096,2026-06-26 14:36:49
,BK0042,LOTTE 巧克力派(12顆裝),55,447,,BF154,6/27-4,2027/05/19,18801019930741,BATCH_00097,2026-06-26 14:36:49
,BK0042,LOTTE 巧克力派(12顆裝),60,480,,BM042,6/27-4,2027/05/19,18801019930741,BATCH_00098,2026-06-26 14:36:49
,BK0042,LOTTE 巧克力派(12顆裝),60,480,,BM092,6/27-4,2027/05/19,18801019930741,BATCH_00099,2026-06-26 14:36:49
,BK0042,LOTTE 巧克力派(12顆裝),60,480,,BM112,6/27-4,2027/05/19,18801019930741,BATCH_00100,2026-06-26 14:36:49
,BK0042,LOTTE 巧克力派(12顆裝),60,480,,BM113,6/27-4,2027/05/19,18801019930741,BATCH_00101,2026-06-26 14:36:49
,BK0042,LOTTE 巧克力派(12顆裝),60,480,,BM124,6/27-4,2027/05/19,18801019930741,BATCH_00102,2026-06-26 14:36:49
,BK0046,LOTTE 蛋黃派(10顆裝),41,328,,BI244,6/27-4,2026/11/03,18801062126184,BATCH_00103,2026-06-26 14:36:49
,BK0046,LOTTE 蛋黃派(10顆裝),42,336,,BO012,6/27-4,2026/11/03,18801062126184,BATCH_00104,2026-06-26 14:36:49
,BK0046,LOTTE 蛋黃派(10顆裝),42,336,,BO013,6/27-4,2026/11/03,18801062126184,BATCH_00105,2026-06-26 14:36:49
,BK0046,LOTTE 蛋黃派(10顆裝),42,336,,BO014,6/27-4,2026/11/03,18801062126184,BATCH_00106,2026-06-26 14:36:49
,BK0046,LOTTE 蛋黃派(10顆裝),42,336,,BO022,6/27-4,2026/11/03,18801062126184,BATCH_00107,2026-06-26 14:36:49
,BK0046,LOTTE 蛋黃派(10顆裝),42,336,,BO023,6/27-4,2026/11/03,18801062126184,BATCH_00108,2026-06-26 14:36:49
,BT9140,樂天小熊餅-泰奶風味(For PX),45,2160,,BJ143,6/27-4,2027/08/11,58852008306557,BATCH_00109,2026-06-26 14:36:49
,BT9140,樂天小熊餅-泰奶風味(For PX),45,2160,,BJ144,6/27-4,2027/08/11,58852008306557,BATCH_00110,2026-06-26 14:36:49
,BT9140,樂天小熊餅-泰奶風味(For PX),45,2160,,BJ152,6/27-4,2027/08/11,58852008306557,BATCH_00111,2026-06-26 14:36:49
,BT9141,樂天小熊餅家庭號-泰奶風味(For PX),39,390,,BN214,6/27-4,2027/08/11,58852008306595,BATCH_00112,2026-06-26 14:36:49
,BT9141,樂天小熊餅家庭號-泰奶風味(For PX),48,480,,BM264,6/27-4,2027/08/11,58852008306595,BATCH_00113,2026-06-26 14:36:49
,BT9141,樂天小熊餅家庭號-泰奶風味(For PX),48,480,,BF014,6/27-4,2027/08/11,58852008306595,BATCH_00114,2026-06-26 14:36:49
,BT9141,樂天小熊餅家庭號-泰奶風味(For PX),48,480,,BF024,6/27-4,2027/08/11,58852008306595,BATCH_00115,2026-06-26 14:36:49
,BT9141,樂天小熊餅家庭號-泰奶風味(For PX),48,480,,BF034,6/27-4,2027/08/11,58852008306595,BATCH_00116,2026-06-26 14:36:49
,BT9141,樂天小熊餅家庭號-泰奶風味(For PX),48,480,,BF044,6/27-4,2027/08/11,58852008306595,BATCH_00117,2026-06-26 14:36:49
,GW0060,樂天小熊餅超值美味組合,48,480,,BF054,6/27-4,2027/06/04,14712834455187,BATCH_00118,2026-06-26 14:36:49
,GW0060,樂天小熊餅超值美味組合,48,480,,BF064,6/27-4,2027/06/04,14712834455187,BATCH_00119,2026-06-26 14:36:49
,GW0060,樂天小熊餅超值美味組合,48,480,,BF074,6/27-4,2027/06/04,14712834455187,BATCH_00120,2026-06-26 14:36:49
,GW0060,樂天小熊餅超值美味組合,48,480,,BF084,6/27-4,2027/06/04,14712834455187,BATCH_00121,2026-06-26 14:36:49
,GW0100,樂天小熊餅超值分享組,32,384,,BN224,6/27-4,2027/02/20,04712834456378,BATCH_00122,2026-06-26 14:36:49
,GW0100,樂天小熊餅超值分享組,32,384,,BN233,6/27-4,2027/02/20,04712834456378,BATCH_00123,2026-06-26 14:36:49
,GW0100,樂天小熊餅超值分享組,32,384,,BN242,6/27-4,2027/02/20,04712834456378,BATCH_00124,2026-06-26 14:36:49
,GW0100,樂天小熊餅超值分享組,32,384,,BN243,6/27-4,2027/02/20,04712834456378,BATCH_00125,2026-06-26 14:36:49
,GW0157,樂天小熊餅-草莓風味分享包96g,42,672,,BL242,6/27-4,2027/08/08,04712834457153,BATCH_00126,2026-06-26 14:36:49
,GW0158,樂天小熊公仔存錢筒,30,180,,BE064,6/27-4,2027/06/10,0712834457160,BATCH_00127,2026-06-26 14:36:49
,GW0173,樂天小熊餅置物籃組,35,35,,,6/27-4,2026/09/07,4712834457344,PENDING_00001,2026-06-26 14:36:49
,BK0046,LOTTE 蛋黃派(10顆裝),42,336,,BO024,6/27-5,2026/11/03,18801062126184,BATCH_00128,2026-06-26 14:36:49
,BK0046,LOTTE 蛋黃派(10顆裝),42,336,,BO032,6/27-5,2026/11/03,18801062126184,BATCH_00129,2026-06-26 14:36:49
,BK0046,LOTTE 蛋黃派(10顆裝),42,336,,BO033,6/27-5,2026/11/03,18801062126184,BATCH_00130,2026-06-26 14:36:49
,BK0046,LOTTE 蛋黃派(10顆裝),42,336,,BO034,6/27-5,2026/11/03,18801062126184,BATCH_00131,2026-06-26 14:36:49
,BK0046,LOTTE 蛋黃派(10顆裝),42,336,,BO042,6/27-5,2026/12/12,18801062126184,BATCH_00132,2026-06-26 14:36:49
,BK0046,LOTTE 蛋黃派(10顆裝),42,336,,BO043,6/27-5,2026/11/03,18801062126184,BATCH_00133,2026-06-26 14:36:49
,BK0046,LOTTE 蛋黃派(10顆裝),42,336,,BO044,6/27-5,2026/12/12,18801062126184,BATCH_00134,2026-06-26 14:36:49
,BK0046,LOTTE 蛋黃派(10顆裝),42,336,,BO052,6/27-5,2026/11/03,18801062126184,BATCH_00135,2026-06-26 14:36:49
,BK0046,LOTTE 蛋黃派(10顆裝),42,336,,BI093,6/27-5,2026/11/03,18801062126184,BATCH_00136,2026-06-26 14:36:49
,BK0049,LOTTE 蛋黃派－香甜草莓風味(6顆裝),48,576,,BL254,6/27-5,2026/12/01,18801062899613,BATCH_00137,2026-06-26 14:36:49
,BK0049,LOTTE 蛋黃派－香甜草莓風味(6顆裝),58,696,,BL202,6/27-5,2026/12/01,18801062899613,BATCH_00138,2026-06-26 14:36:49
,BK0050,LOTTE 蛋黃派－香甜草莓風味(10顆裝),42,336,,BI204,6/27-5,2026/12/01,18801062899590,BATCH_00139,2026-06-26 14:36:49
,BK0050,LOTTE 蛋黃派－香甜草莓風味(10顆裝),42,336,,BI214,6/27-5,2026/12/01,18801062899590,BATCH_00140,2026-06-26 14:36:49
,BK0050,LOTTE 蛋黃派－香甜草莓風味(10顆裝),42,336,,BI224,6/27-5,2026/12/01,18801062899590,BATCH_00141,2026-06-26 14:36:49
,BK0050,LOTTE 蛋黃派－香甜草莓風味(10顆裝),42,336,,BI232,6/27-5,2026/12/01,18801062899590,BATCH_00142,2026-06-26 14:36:49
,BK0050,LOTTE 蛋黃派－香甜草莓風味(10顆裝),42,336,,BI234,6/27-5,2026/12/01,18801062899590,BATCH_00143,2026-06-26 14:36:49
,BK0050,LOTTE 蛋黃派－香甜草莓風味(10顆裝),42,336,,BI242,6/27-5,2026/12/01,18801062899590,BATCH_00144,2026-06-26 14:36:49
,BK9070,LOTTE 黑巧克力派(6顆裝),60,960,,BJ243,6/27-5,2027/04/08,28801062475159,BATCH_00145,2026-06-26 14:36:49
,BK9070,LOTTE 黑巧克力派(6顆裝),60,960,,BJ244,6/27-5,2027/04/08,28801062475159,BATCH_00146,2026-06-26 14:36:49
,BK9070,LOTTE 黑巧克力派(6顆裝),60,960,,BJ252,6/27-5,2027/04/08,28801062475159,BATCH_00147,2026-06-26 14:36:49
,BK9070,LOTTE 黑巧克力派(6顆裝),60,960,,BJ253,6/27-5,2027/04/08,28801062475159,BATCH_00148,2026-06-26 14:36:49
,BK9070,LOTTE 黑巧克力派(6顆裝),60,960,,BJ254,6/27-5,2027/04/08,28801062475159,BATCH_00149,2026-06-26 14:36:49
,BK9070,LOTTE 黑巧克力派(6顆裝),60,960,,BJ262,6/27-5,2027/04/08,28801062475159,BATCH_00150,2026-06-26 14:36:49
,BK9070,LOTTE 黑巧克力派(6顆裝),60,960,,BJ263,6/27-5,2027/04/08,28801062475159,BATCH_00151,2026-06-26 14:36:49
,BK9081,LOTTE 黑巧克力派(12顆裝),48,391,,BN012,6/27-5,2027/04/07,28801062475135,BATCH_00152,2026-06-26 14:36:49
,BK9081,LOTTE 黑巧克力派(12顆裝),60,480,,BM142,6/27-5,2027/04/07,28801062475135,BATCH_00153,2026-06-26 14:36:49
,BK9081,LOTTE 黑巧克力派(12顆裝),60,480,,BM143,6/27-5,2027/04/07,28801062475135,BATCH_00154,2026-06-26 14:36:49
,BK9081,LOTTE 黑巧克力派(12顆裝),60,480,,BM152,6/27-5,2027/04/07,28801062475135,BATCH_00155,2026-06-26 14:36:49
,BT9110,LOTTE TOPPO香草草莓口味夾心餅乾棒40g,64,3840,,BK062,6/27-5,2027/05/27,58852008511258,BATCH_00156,2026-06-26 14:36:49
,GW0158,樂天小熊公仔存錢筒,5,30,,,6/27-5,2027/06/10,0712834457160,PENDING_00002,2026-06-26 14:36:49
,GW0158,樂天小熊公仔存錢筒,5,30,,,6/27-5,2027/06/10,0712834457160,PENDING_00003,2026-06-26 14:36:49
,GW0158,樂天小熊公仔存錢筒,5,30,,,6/27-5,2027/06/10,0712834457160,PENDING_00004,2026-06-26 14:36:49
,GW0158,樂天小熊公仔存錢筒,20,120,,BH234,6/27-5,2027/06/10,0712834457160,BATCH_00157,2026-06-26 14:36:49
,BK9346,LOTTE巧克力派-香蕉風味(12顆裝)PX,40,320,,BI252,6/27-6,2027/03/26,18801062000781,BATCH_00158,2026-06-26 14:36:49
,BK9347,LOTTE 黑巧克力派(12顆裝)PX,39,312,,BI262,6/27-6,2027/04/07,28801062475135,BATCH_00159,2026-06-26 14:36:49
,BK9347,LOTTE 黑巧克力派(12顆裝)PX,60,480,,BM163,6/27-6,2027/04/07,28801062475135,BATCH_00160,2026-06-26 14:36:49
,BK9347,LOTTE 黑巧克力派(12顆裝)PX,60,480,,BM164,6/27-6,2027/04/07,28801062475135,BATCH_00161,2026-06-26 14:36:49
,BV0003,LOTTE 巧克力布雪蛋糕(6顆裝)-4盒裝,43,688,,BL203,6/27-6,2027/04/14,8935341300736,BATCH_00162,2026-06-26 14:36:49
,BV0003,LOTTE 巧克力布雪蛋糕(6顆裝)-4盒裝,60,960,,BJ264,6/27-6,2027/04/14,8935341300736,BATCH_00163,2026-06-26 14:36:49
,BV0005,LOTTE巧克力布雪蛋糕－經典起司口味(6顆裝),40,640,,BL243,6/27-6,2027/04/06,08935341301337,BATCH_00164,2026-06-26 14:36:49
,BV0005,LOTTE巧克力布雪蛋糕－經典起司口味(6顆裝),60,960,,BL123,6/27-6,2027/04/06,08935341301337,BATCH_00165,2026-06-26 14:36:49
,BV0005,LOTTE巧克力布雪蛋糕－經典起司口味(6顆裝),60,960,,BL124,6/27-6,2027/03/05,08935341301337,BATCH_00166,2026-06-26 14:36:49
,BV0005,LOTTE巧克力布雪蛋糕－經典起司口味(6顆裝),62,1007,,BJ233,6/27-6,2027/03/05,08935341301337,BATCH_00167,2026-06-26 14:36:49
,BV0005,LOTTE巧克力布雪蛋糕－經典起司口味(6顆裝),70,1120,,BJ224,6/27-6,2027/03/05,08935341301337,BATCH_00168,2026-06-26 14:36:49
,BV0006,LOTTE巧克力布雪蛋糕－經典起司口味(12顆裝),60,480,,BM182,6/27-6,2027/01/10,08935341301238,BATCH_00169,2026-06-26 14:36:49
,BV0006,LOTTE巧克力布雪蛋糕－經典起司口味(12顆裝),60,480,,BM183,6/27-6,2027/01/10,08935341301238,BATCH_00170,2026-06-26 14:36:49
,BV0006,LOTTE巧克力布雪蛋糕－經典起司口味(12顆裝),60,480,,BM184,6/27-6,2027/01/10,08935341301238,BATCH_00171,2026-06-26 14:36:49
,BV0006,LOTTE巧克力布雪蛋糕－經典起司口味(12顆裝),60,480,,BM192,6/27-6,2027/01/10,08935341301238,BATCH_00172,2026-06-26 14:36:49
,BV0006,LOTTE巧克力布雪蛋糕－經典起司口味(12顆裝),60,480,,BM193,6/27-6,2027/01/10,08935341301238,BATCH_00173,2026-06-26 14:36:49
,BV0007,LOTTE巧克力布雪蛋糕(6顆裝),54,873,,BL163,6/27-6,2027/04/14,08935341300736,BATCH_00174,2026-06-26 14:36:49
,BV0007,LOTTE巧克力布雪蛋糕(6顆裝),60,960,,BL132,6/27-6,2027/04/14,08935341300736,BATCH_00175,2026-06-26 14:36:49
,BV0007,LOTTE巧克力布雪蛋糕(6顆裝),60,960,,BL133,6/27-6,2027/04/14,08935341300736,BATCH_00176,2026-06-26 14:36:49
,BV0007,LOTTE巧克力布雪蛋糕(6顆裝),60,960,,BL134,6/27-6,2027/04/14,08935341300736,BATCH_00177,2026-06-26 14:36:49
,BV0007,LOTTE巧克力布雪蛋糕(6顆裝),60,960,,BL142,6/27-6,2027/04/14,08935341300736,BATCH_00178,2026-06-26 14:36:49
,BV0007,LOTTE巧克力布雪蛋糕(6顆裝),60,960,,BL143,6/27-6,2027/04/14,08935341300736,BATCH_00179,2026-06-26 14:36:49
,BV0008,LOTTE巧克力布雪蛋糕(12顆裝),45,360,,BN252,6/27-6,2027/03/30,08935341300637,BATCH_00180,2026-06-26 14:36:49
,BV0008,LOTTE巧克力布雪蛋糕(12顆裝),60,480,,BM194,6/27-6,2027/03/30,08935341300637,BATCH_00181,2026-06-26 14:36:49
,BV0008,LOTTE巧克力布雪蛋糕(12顆裝),60,480,,BM202,6/27-6,2027/03/30,08935341300637,BATCH_00182,2026-06-26 14:36:49
,BV0008,LOTTE巧克力布雪蛋糕(12顆裝),60,480,,BM203,6/27-6,2027/03/30,08935341300637,BATCH_00183,2026-06-26 14:36:49
,BV0008,LOTTE巧克力布雪蛋糕(12顆裝),60,480,,BM204,6/27-6,2027/03/30,08935341300637,BATCH_00184,2026-06-26 14:36:49
,BV0009,LOTTE 巧克力布雪蛋糕 (12顆裝) for 和泰汽車,40,320,,BI254,6/27-6,2027/03/30,08935341300637,BATCH_00185,2026-06-26 14:36:49
,BV0009,LOTTE 巧克力布雪蛋糕 (12顆裝) for 和泰汽車,60,480,,BM212,6/27-6,2027/03/30,08935341300637,BATCH_00186,2026-06-26 14:36:49
,BV0011,LOTTE巧克力派－日式抹茶口味(12顆裝),60,480,,BM213,6/27-6,2027/04/10,8935341301832,BATCH_00187,2026-06-26 14:36:49
,DK9051,LOTTE 青葡萄糖153g,42,840,,BL172,6/27-6,2027/03/11,58801062009522,BATCH_00188,2026-06-26 14:36:49
,DK9051,LOTTE 青葡萄糖153g,42,840,,BL173,6/27-6,2027/03/11,58801062009522,BATCH_00189,2026-06-26 14:36:49
,BK0046,LOTTE 蛋黃派(10顆裝),14,113,,,6/27-7,2026/12/12,18801062126184,PENDING_00005,2026-06-26 14:36:49
,BK0046,LOTTE 蛋黃派(10顆裝),25,200,,BP032,6/27-7,2026/11/03,18801062126184,BATCH_00190,2026-06-26 14:36:49
,BK0049,LOTTE 蛋黃派－香甜草莓風味(6顆裝),30,360,,BN254,6/27-7,2026/12/01,18801062899613,BATCH_00191,2026-06-26 14:36:49
,BK0049,LOTTE 蛋黃派－香甜草莓風味(6顆裝),33,396,,BF194,6/27-7,2026/12/01,18801062899613,BATCH_00192,2026-06-26 14:36:49
,BK0050,LOTTE 蛋黃派－香甜草莓風味(10顆裝),24,192,,BE034,6/27-7,2026/12/01,18801062899590,BATCH_00193,2026-06-26 14:36:49
,BK0050,LOTTE 蛋黃派－香甜草莓風味(10顆裝),27,216,,BP014,6/27-7,2026/12/01,18801062899590,BATCH_00194,2026-06-26 14:36:49
,BK9070,LOTTE 黑巧克力派(6顆裝),5,81,,,6/27-7,2027/04/08,28801062475159,PENDING_00006,2026-06-26 14:36:49
,BK9133,LOTTE 綠茶風味巧克力派(12顆裝),3,26,,,6/27-7,2027/04/22,18801062006202,PENDING_00007,2026-06-26 14:36:49
,BK9258,LOTTE巧克力派－香蕉風味(12顆裝),13,105,,,6/27-7,2027/03/26,18801062000781,PENDING_00008,2026-06-26 14:36:49
,BK9258,LOTTE巧克力派－香蕉風味(12顆裝),20,160,,BE153,6/27-7,2027/03/26,18801062000781,BATCH_00195,2026-06-26 14:36:49
,BT9110,LOTTE TOPPO香草草莓口味夾心餅乾棒40g,37,2220,,BK082,6/27-7,2027/05/27,58852008511258,BATCH_00196,2026-06-26 14:36:49
,BT9110,LOTTE TOPPO香草草莓口味夾心餅乾棒40g,64,3840,,BK063,6/27-7,2027/05/27,58852008511258,BATCH_00197,2026-06-26 14:36:49
,BT9132,LOTTE Toppo巧克力口味夾心餅乾棒40g,53,3180,,BK073,6/27-7,2027/04/05,58852008510053,BATCH_00198,2026-06-26 14:36:49
,BV0011,LOTTE巧克力派－日式抹茶口味(12顆裝),60,480,,BM214,6/27-7,2027/04/10,8935341301832,BATCH_00199,2026-06-26 14:36:49
,DJ9082,LOTTE酸甜小梅糖迷你包,40,3840,,BK064,6/27-7,2027/02/28,14903333256812,BATCH_00200,2026-06-26 14:36:49
,DK9012,LOTTE檸檬糖17.5g,77,3696,,BK072,6/27-7,2027/03/16,38801062221975,BATCH_00201,2026-06-26 14:36:49
,DK9013,LOTTE 檸檬糖65g(罐裝),74,1776,,BJ164,6/27-7,2027/03/04,38801062221197,BATCH_00202,2026-06-26 14:36:49
,DK9051,LOTTE 青葡萄糖153g,34,680,,BL204,6/27-7,2027/04/14,58801062009522,BATCH_00203,2026-06-26 14:36:49
,DK9051,LOTTE 青葡萄糖153g,36,720,,BL192,6/27-7,2027/03/11,58801062009522,BATCH_00204,2026-06-26 14:36:49
,DK9051,LOTTE 青葡萄糖153g,42,840,,BL174,6/27-7,2027/03/11,58801062009522,BATCH_00205,2026-06-26 14:36:49
,DK9051,LOTTE 青葡萄糖153g,42,840,,BL182,6/27-7,2027/03/11,58801062009522,BATCH_00206,2026-06-26 14:36:49
,DK9075,LOTTE檸檬糖17.5g  FOX PX,130,6240,,BK032,6/27-7,2027/03/16,38801062221975,BATCH_00207,2026-06-26 14:36:49
,DK9080,LOTTE Anytime三層糖—檸檬薄荷風味60g,63,1260,,BJ203,6/27-7,2027/05/11,58801062332255,BATCH_00208,2026-06-26 14:36:49
,DK9081,LOTTE Anytime三層糖—梅子&蜜桃薄荷風味60g,43,860,,BL164,6/27-7,2027/06/18,38801062335610,BATCH_00209,2026-06-26 14:36:49
,DK9081,LOTTE Anytime三層糖—梅子&蜜桃薄荷風味60g,80,1600,,BJ182,6/27-7,2027/06/18,38801062335610,BATCH_00210,2026-06-26 14:36:49
,DK9082,LOTTE Anytime薄荷三層糖—牛奶風味60g,80,1600,,BJ183,6/27-7,2027/06/08,38801062479925,BATCH_00211,2026-06-26 14:36:49
,DK9088,LOTTE蜜桃糖153g,36,720,,BL193,6/27-7,2027/01/14,68801062863756,BATCH_00212,2026-06-26 14:36:49
,DK9088,LOTTE蜜桃糖153g,50,1000,,BJ234,6/27-7,2027/01/14,68801062863756,BATCH_00213,2026-06-26 14:36:49
,DK9088,LOTTE蜜桃糖153g,60,1200,,BJ204,6/27-7,2027/01/14,68801062863756,BATCH_00214,2026-06-26 14:36:49
,GW0012,LOTTE 雙享派組合,16,192,,BE044,6/27-7,2027/01/25,14712834455118,BATCH_00215,2026-06-26 14:36:49
,GW0012,LOTTE 雙享派組合,30,360,,BN262,6/27-7,2027/01/25,14712834455118,BATCH_00216,2026-06-26 14:36:49
,GW0017,LOTTE XYLITOL木糖醇口香糖綜合分享包,36,1728,,BJ172,6/27-7,2027/09/18,04712834455166,BATCH_00217,2026-06-26 14:36:49
,GW0058,LOTTE XYLITOL綜合分享包(全聯版),19,912,,BL162,6/27-7,2027/11/05,04712834455166,BATCH_00218,2026-06-26 14:36:49
,GW0060,樂天小熊餅超值美味組合,25,250,,BG224,6/27-7,2027/06/04,14712834455187,BATCH_00219,2026-06-26 14:36:49
,GW0100,樂天小熊餅超值分享組,17,210,,BP024,6/27-7,2027/02/20,04712834456378,BATCH_00220,2026-06-26 14:36:49
,GW0100,樂天小熊餅超值分享組,22,264,,BG204,6/27-7,2027/08/07,04712834456378,BATCH_00221,2026-06-26 14:36:49
,GW0157,樂天小熊餅-草莓風味分享包96g,23,368,,BN244,6/27-7,2027/08/08,04712834457153,BATCH_00222,2026-06-26 14:36:49
,AV0004,LOTTE XYLITOL木糖醇無糖口香糖-萊姆薄荷(26.1g),21,2100,,BJ153,6/27-8,2027/11/05,08934677004912,BATCH_00223,2026-06-26 14:36:49
,AV0005,LOTTE XYLITOL木糖醇無糖口香糖-清新薄荷(26.1g),18,1792,,BJ163,6/27-8,2027/11/05,08934677004936,BATCH_00224,2026-06-26 14:36:49
,AV0006,LOTTE XYLITOL木糖醇無糖口香糖-藍莓薄荷(26.1g),14,1360,,BJ202,6/27-8,2027/11/05,08934677004929,BATCH_00225,2026-06-26 14:36:49
,BJ9323,LOTTE千層派盒裝-巧克力風味,5,300,,BI264,6/27-8,2026/12/31,14903333226129,BATCH_00226,2026-06-26 14:36:49
,BJ9323,LOTTE千層派盒裝-巧克力風味,10,600,,BL252,6/27-8,2027/01/31,14903333226129,BATCH_00227,2026-06-26 14:36:49
,BJ9323,LOTTE千層派盒裝-巧克力風味,20,1200,,BJ214,6/27-8,2027/03/31,14903333226129,BATCH_00228,2026-06-26 14:36:49
,BJ9339,LOTTE脆脆巧克力派-濃厚可可風味,20,100,,,6/27-8,2027/02/28,14903333257451,PENDING_00009,2026-06-26 14:36:49
,BJ9458,樂天小熊餅－草莓奶油蛋糕風味46g,0,75,,,6/27-8,2027/02/28,14903333207142,PENDING_00010,2026-06-26 14:36:49
,BJ9458,樂天小熊餅－草莓奶油蛋糕風味46g,6,480,,BF144,6/27-8,2027/02/28,14903333207142,BATCH_00229,2026-06-26 14:36:49
,BK0041,LOTTE 巧克力派(6顆裝),0,11,,,6/27-8,2027/06/03,48801062161889,PENDING_00011,2026-06-26 14:36:49
,BK0045,LOTTE 蛋黃派(6顆裝),11,142,,BH224,6/27-8,2026/12/13,18801062126221,BATCH_00230,2026-06-26 14:36:49
,BK0046,LOTTE 蛋黃派(10顆裝),29,232,,BG244,6/27-8,2026/11/03,18801062126184,BATCH_00231,2026-06-26 14:36:49
,BK9321,LOTTE ZERO零砂糖可可豆餅乾,5,100,,,6/27-8,2027/01/15,18801062865687,PENDING_00012,2026-06-26 14:36:49
,BT0044,樂天小熊餅-巧克力風味分享包FOR PX,2,32,,,6/27-8,2027/06/19,4712834456439,PENDING_00013,2026-06-26 14:36:49
,BT0044,樂天小熊餅-巧克力風味分享包FOR PX,10,160,,BE253,6/27-8,2027/06/19,4712834456439,BATCH_00232,2026-06-26 14:36:49
,BT0060,樂天小熊餅－巧克力風味37g,4,212,,BP022,6/27-8,2027/06/17,58852008300203,BATCH_00233,2026-06-26 14:36:49
,BT0060,樂天小熊餅－巧克力風味37g,7,352,,BN263,6/27-8,2027/06/06,58852008300203,BATCH_00234,2026-06-26 14:36:49
,BT0060,樂天小熊餅－巧克力風味37g,10,480,,BF104,6/27-8,2027/06/17,58852008300203,BATCH_00235,2026-06-26 14:36:49
,BT0060,樂天小熊餅－巧克力風味37g,20,960,,BL152,6/27-8,2027/07/22,58852008300203,BATCH_00236,2026-06-26 14:36:49
,BT0060,樂天小熊餅－巧克力風味37g,24,1152,,BJ222,6/27-8,2027/05/16,58852008300203,BATCH_00237,2026-06-26 14:36:49
,BT0061,樂天小熊餅－草莓風味37g,20,969,,BJ242,6/27-8,2027/06/17,58852008300234,BATCH_00238,2026-06-26 14:36:49
,BT0061,樂天小熊餅－草莓風味37g,25,1200,,BJ212,6/27-8,2027/06/17,58852008300234,BATCH_00239,2026-06-26 14:36:49
,BT0062,樂天小熊餅－牛奶風味37g,1,87,,,6/27-8,2027/06/04,58852008300784,PENDING_00014,2026-06-26 14:36:49
,BT0063,樂天小熊餅－濃黑巧克力風味37g,16,810,,BL184,6/27-8,2027/07/27,58852008304867,BATCH_00240,2026-06-26 14:36:49
,BT0064,樂天小熊餅－北海道牛奶風味37g,17,828,,BL183,6/27-8,2027/05/25,58852008304898,BATCH_00241,2026-06-26 14:36:49
,BT0065,樂天小熊餅－家庭號巧克力風味195g,6,60,,,6/27-8,2027/06/12,58852008300265,PENDING_00015,2026-06-26 14:36:49
,BT0066,樂天小熊餅－家庭號草莓風味195g,1,10,,,6/27-8,2027/06/18,58852008300296,PENDING_00016,2026-06-26 14:36:49
,BT0066,樂天小熊餅－家庭號草莓風味195g,18,180,,BE074,6/27-8,2027/07/08,58852008300296,BATCH_00242,2026-06-26 14:36:49
,BT0066,樂天小熊餅－家庭號草莓風味195g,29,290,,BG174,6/27-8,2027/06/18,58852008300296,BATCH_00243,2026-06-26 14:36:49
,BT0067,樂天小熊餅－家庭號牛奶風味195g,22,220,,BP012,6/27-8,2027/07/10,58852008300982,BATCH_00244,2026-06-26 14:36:49
,BT0068,樂天小熊餅家庭號－濃黑巧克力風味195g,17,170,,BE084,6/27-8,2027/07/20,58852008304911,BATCH_00245,2026-06-26 14:36:49
,BT0070,樂天小熊餅串串包－巧克力風味56g,26,624,,BL244,6/27-8,2027/06/24,58852008305413,BATCH_00246,2026-06-26 14:36:49
,BT0071,樂天小熊餅－宇治抹茶風味33g,4,225,,BG264,6/27-8,2027/08/14,58852008305673,BATCH_00247,2026-06-26 14:36:49
,BT0073,樂天小熊餅－家庭號巧克力風味195g,26,260,,BG214,6/27-8,2027/04/23,58852008300265,BATCH_00248,2026-06-26 14:36:49
,BT0074,樂天小熊餅－家庭號草莓風味195g,27,270,,BG184,6/27-8,2027/03/23,58852008300296,BATCH_00249,2026-06-26 14:36:49
,BT0075,樂天小熊餅－家庭號牛奶風味195g,11,110,,,6/27-8,2027/03/02,58852008300982,PENDING_00017,2026-06-26 14:36:49
,BT0076,樂天小熊餅家庭號－濃黑巧克力風味195g,12,120,,BH244,6/27-8,2027/05/10,58852008304911,BATCH_00250,2026-06-26 14:36:49
,BT0077,樂天小熊餅家庭號－北海道牛奶風味195g,12,120,,BH254,6/27-8,2027/03/03,58852008304935,BATCH_00251,2026-06-26 14:36:49
,BT9083,樂天小熊餅聖誕節限定版－巧克力風味37g,25,1200,,BJ213,6/27-9,2026/12/10,58852008305390,BATCH_00252,2026-06-26 14:36:49
,BT9110,LOTTE TOPPO香草草莓口味夾心餅乾棒40g,8,480,,BF124,6/27-9,2027/05/27,58852008511258,BATCH_00253,2026-06-26 14:36:49
,BT9110,LOTTE TOPPO香草草莓口味夾心餅乾棒40g,10,600,,BL253,6/27-9,2027/02/24,58852008511258,BATCH_00254,2026-06-26 14:36:49
,BT9110,LOTTE TOPPO香草草莓口味夾心餅乾棒40g,19,1140,,BJ223,6/27-9,2027/02/24,58852008511258,BATCH_00255,2026-06-26 14:36:49
,BT9132,LOTTE Toppo巧克力口味夾心餅乾棒40g,8,480,,BF134,6/27-9,2027/04/05,58852008510053,BATCH_00256,2026-06-26 14:36:49
,BT9133,LOTTE TOPPO濃厚巧克力口味夾心餅乾棒40g,15,940,,BL153,6/27-9,2027/07/08,58852008510510,BATCH_00257,2026-06-26 14:36:49
,BT9133,LOTTE TOPPO濃厚巧克力口味夾心餅乾棒40g,25,1520,,BJ184,6/27-9,2027/07/08,58852008510510,BATCH_00258,2026-06-26 14:36:49
,BT9135,樂天小熊餅－泰奶風味33g,9,432,,BF164,6/27-9,2027/08/11,58852008306557,BATCH_00259,2026-06-26 14:36:49
,BT9135,樂天小熊餅－泰奶風味33g,10,480,,BF114,6/27-9,2027/08/12,58852008306557,BATCH_00260,2026-06-26 14:36:49
,BT9135,樂天小熊餅－泰奶風味33g,12,576,,BL262,6/27-9,2027/08/11,58852008306557,BATCH_00261,2026-06-26 14:36:49
,BT9136,樂天小熊餅家庭號－泰奶風味175g,21,217,,BP013,6/27-9,2027/08/12,58852008306595,BATCH_00262,2026-06-26 14:36:49
,BT9140,樂天小熊餅-泰奶風味(For PX),10,480,,BF122,6/27-9,2027/08/12,58852008306557,BATCH_00263,2026-06-26 14:36:49
,BT9140,樂天小熊餅-泰奶風味(For PX),11,528,,BL264,6/27-9,2027/08/12,58852008306557,BATCH_00264,2026-06-26 14:36:49
,BT9141,樂天小熊餅家庭號-泰奶風味(For PX),21,210,,BP023,6/27-9,2027/08/12,58852008306595,BATCH_00265,2026-06-26 14:36:49
,BV0006,LOTTE巧克力布雪蛋糕－經典起司口味(12顆裝),33,268,,BG194,6/27-9,2027/01/10,08935341301238,BATCH_00266,2026-06-26 14:36:49
,BV0008,LOTTE巧克力布雪蛋糕(12顆裝),2,16,,,6/27-9,2027/03/30,08935341300637,PENDING_00018,2026-06-26 14:36:49
,CK9032,LOTTE Crunky 巧克力球(76g),5,120,,,6/27-9,2027/04/26,18801062633460,PENDING_00019,2026-06-26 14:36:49
,CK9032,LOTTE Crunky 巧克力球(76g),6,144,,BH214,6/27-9,2027/03/03,18801062633460,BATCH_00267,2026-06-26 14:36:49
,CK9032,LOTTE Crunky 巧克力球(76g),9,228,,BG254,6/27-9,2027/01/29,18801062633460,BATCH_00268,2026-06-26 14:36:49
,DJ9075,LOTTE KOUME小梅糖(50周年紀念),0,35,,,6/27-9,2027/02/28,14903333270665,PENDING_00020,2026-06-26 14:36:49
,DJ9076,LOTTE ZERO牛奶硬糖袋裝,6,60,,,6/27-9,2026/12/31,34903333219835,PENDING_00021,2026-06-26 14:36:49
,DJ9082,LOTTE酸甜小梅糖迷你包,18,1728,,BJ173,6/27-9,2027/02/28,14903333256812,BATCH_00269,2026-06-26 14:36:49
,DK0019,LOTTE Anytime 薄荷三層糖60g,3,60,,,6/27-9,2027/03/22,68801062332115,PENDING_00022,2026-06-26 14:36:49
,DK0019,LOTTE Anytime 薄荷三層糖60g,10,200,,BP033,6/27-9,2027/03/22,68801062332115,BATCH_00270,2026-06-26 14:36:49
,DK0019,LOTTE Anytime 薄荷三層糖60g,12,240,,BG234,6/27-9,2027/03/22,68801062332115,BATCH_00271,2026-06-26 14:36:49
,DK9012,LOTTE檸檬糖17.5g,14,719,,BL194,6/27-9,2027/02/25,38801062221975,BATCH_00272,2026-06-26 14:36:49
,DK9012,LOTTE檸檬糖17.5g,23,1104,,BJ232,6/27-9,2027/03/09,38801062221975,BATCH_00273,2026-06-26 14:36:49
,DK9012,LOTTE檸檬糖17.5g,29,1392,,BJ194,6/27-9,2027/01/08,38801062221975,BATCH_00274,2026-06-26 14:36:49
,DK9051,LOTTE 青葡萄糖153g,6,120,,BH264,6/27-9,2027/03/11,58801062009522,BATCH_00275,2026-06-26 14:36:49
,DK9051,LOTTE 青葡萄糖153g,27,540,,BL263,6/27-9,2027/03/11,58801062009522,BATCH_00276,2026-06-26 14:36:49
,DK9084,LOTTE 檸檬糖65g(罐裝) FOR PX,8,192,,BE054,6/27-9,2027/01/10,38801062221197,BATCH_00277,2026-06-26 14:36:49
,DK9084,LOTTE 檸檬糖65g(罐裝) FOR PX,20,480,,BF094,6/27-9,2027/03/04,38801062221197,BATCH_00278,2026-06-26 14:36:49
,DK9085,LOTTE 青葡萄糖153ｇFOR PX,1,20,,,6/27-9,2027/03/11,58801062009522,PENDING_00023,2026-06-26 14:36:49
,DK9085,LOTTE 青葡萄糖153ｇFOR PX,4,80,,,6/27-9,2027/03/11,58801062009522,PENDING_00024,2026-06-26 14:36:49
,DK9088,LOTTE蜜桃糖153g,10,200,,BP034,6/27-9,2027/03/05,68801062863756,BATCH_00279,2026-06-26 14:36:49
,DK9088,LOTTE蜜桃糖153g,10,200,,BP042,6/27-9,2027/03/05,68801062863756,BATCH_00280,2026-06-26 14:36:49
,DK9088,LOTTE蜜桃糖153g,10,200,,BE024,6/27-9,2027/03/05,68801062863756,BATCH_00281,2026-06-26 14:36:49
,GW0170,樂天小熊餅圓筒包組,1,11,,,6/27-9,2026/08/15,04712834457320,PENDING_00025,2026-06-26 14:36:49
,GW0173,樂天小熊餅置物籃組,1,1,,,6/27-9,2026/09/07,4712834457344,PENDING_00026,2026-06-26 14:36:49
,GW0180,樂天小熊餅好運袋,12,144,,BH042,6/27-9,2027/01/23,04712834457429,BATCH_00282,2026-06-26 14:36:49
,XXX,中文標,4,0,,,6/27-9,,,PENDING_00027,2026-06-26 14:36:49
,BK9283,LOTTE  Pepero 杏仁巧克力口味餅乾棒分享盒,72,648,,,6/27空調-1,2027/05/14,48801062267796,AIRCON,2026-06-26 14:36:49
,BK9283,LOTTE  Pepero 杏仁巧克力口味餅乾棒分享盒,72,648,,,6/27空調-1,2027/04/13,48801062267796,AIRCON,2026-06-26 14:36:49
,BK9283,LOTTE  Pepero 杏仁巧克力口味餅乾棒分享盒,78,702,,,6/27空調-1,2027/05/14,48801062267796,AIRCON,2026-06-26 14:36:49
,BK9284,LOTTE Pepero 白巧克力口味餅乾棒分享盒,72,648,,,6/27空調-1,2027/03/04,48801062641237,AIRCON,2026-06-26 14:36:49
,BK9284,LOTTE Pepero 白巧克力口味餅乾棒分享盒,72,648,,,6/27空調-1,2027/03/04,48801062641237,AIRCON,2026-06-26 14:36:49
,BK9286,LOTTE Pepero 黑餅乾巧克力口味餅乾棒分享盒,72,648,,,6/27空調-1,2027/05/26,18801062865717,AIRCON,2026-06-26 14:36:49
,BK9289,LOTTE Pepero 杏仁巧克力口味餅乾棒32g-10盒裝,80,3200,,,6/27空調-1,2027/02/13,98801062478166,AIRCON,2026-06-26 14:36:49
,BK9289,LOTTE Pepero 杏仁巧克力口味餅乾棒32g-10盒裝,80,3200,,,6/27空調-1,2027/02/13,98801062478166,AIRCON,2026-06-26 14:36:49
,BK9290,LOTTE Pepero 白巧克力口味餅乾棒32g FOR PX,66,2640,,,6/27空調-1,2027/01/21,58801062636353,AIRCON,2026-06-26 14:36:49
,BK9290,LOTTE Pepero 白巧克力口味餅乾棒32g FOR PX,79,3160,,,6/27空調-1,2027/03/10,58801062636353,AIRCON,2026-06-26 14:36:49
,BK9291,LOTTE Pepero 白巧克力口味餅乾棒32g-10盒裝,80,3200,,,6/27空調-1,2027/03/10,58801062636353,AIRCON,2026-06-26 14:36:49
,BK9291,LOTTE Pepero 白巧克力口味餅乾棒32g-10盒裝,80,3200,,,6/27空調-1,2027/03/10,58801062636353,AIRCON,2026-06-26 14:36:49
,BK9291,LOTTE Pepero 白巧克力口味餅乾棒32g-10盒裝,80,3200,,,6/27空調-1,2027/03/10,58801062636353,AIRCON,2026-06-26 14:36:49
,BK9291,LOTTE Pepero 白巧克力口味餅乾棒32g-10盒裝,80,3200,,,6/27空調-1,2027/03/10,58801062636353,AIRCON,2026-06-26 14:36:49
,BK9305,LOTTE Pepero 草莓脆粒餅乾棒32g,68,2758,,,6/27空調-1,2027/02/08,18801062862532,AIRCON,2026-06-26 14:36:49
,BK9305,LOTTE Pepero 草莓脆粒餅乾棒32g,80,3200,,,6/27空調-1,2027/02/08,18801062862532,AIRCON,2026-06-26 14:36:49
,BK9307,LOTTE Pepero 草莓脆粒餅乾棒32g - 10盒裝,80,3200,,,6/27空調-1,2027/01/27,18801062862532,AIRCON,2026-06-26 14:36:49
,BK9307,LOTTE Pepero 草莓脆粒餅乾棒32g - 10盒裝,80,3200,,,6/27空調-1,2027/01/27,18801062862532,AIRCON,2026-06-26 14:36:49
,BK9274,LOTTE Pepero 巧克力口味餅乾棒47g,80,3200,,,6/27空調-2,2027/04/12,28801062639483,AIRCON,2026-06-26 14:36:49
,BK9283,LOTTE  Pepero 杏仁巧克力口味餅乾棒分享盒,66,594,,,6/27空調-2,2027/04/13,48801062267796,AIRCON,2026-06-26 14:36:49
,BK9283,LOTTE  Pepero 杏仁巧克力口味餅乾棒分享盒,72,648,,,6/27空調-2,2027/04/13,48801062267796,AIRCON,2026-06-26 14:36:49
,BK9284,LOTTE Pepero 白巧克力口味餅乾棒分享盒,72,648,,,6/27空調-2,2027/03/04,48801062641237,AIRCON,2026-06-26 14:36:49
,BK9285,LOTTE Pepero 脆心巧克力口味餅乾棒分享盒,72,648,,,6/27空調-2,2027/04/01,18801062880888,AIRCON,2026-06-26 14:36:49
,BK9285,LOTTE Pepero 脆心巧克力口味餅乾棒分享盒,72,648,,,6/27空調-2,2027/04/01,18801062880888,AIRCON,2026-06-26 14:36:49
,BK9285,LOTTE Pepero 脆心巧克力口味餅乾棒分享盒,72,648,,,6/27空調-2,2027/04/01,18801062880888,AIRCON,2026-06-26 14:36:49
,BK9285,LOTTE Pepero 脆心巧克力口味餅乾棒分享盒,72,648,,,6/27空調-2,2027/04/01,18801062880888,AIRCON,2026-06-26 14:36:49
,BK9285,LOTTE Pepero 脆心巧克力口味餅乾棒分享盒,72,648,,,6/27空調-2,2027/04/01,18801062880888,AIRCON,2026-06-26 14:36:49
,BK9285,LOTTE Pepero 脆心巧克力口味餅乾棒分享盒,72,648,,,6/27空調-2,2027/04/01,18801062880888,AIRCON,2026-06-26 14:36:49
,BK9285,LOTTE Pepero 脆心巧克力口味餅乾棒分享盒,72,648,,,6/27空調-2,2027/04/01,18801062880888,AIRCON,2026-06-26 14:36:49
,BK9288,LOTTE Pepero 杏仁巧克力口味餅乾棒32g FOR PX,80,3200,,,6/27空調-2,2027/03/20,18801062132765,AIRCON,2026-06-26 14:36:49
,BK9289,LOTTE Pepero 杏仁巧克力口味餅乾棒32g-10盒裝,80,3200,,,6/27空調-2,2027/02/13,98801062478166,AIRCON,2026-06-26 14:36:49
,BK9289,LOTTE Pepero 杏仁巧克力口味餅乾棒32g-10盒裝,80,3200,,,6/27空調-2,2027/01/30,98801062478166,AIRCON,2026-06-26 14:36:49
,BK9289,LOTTE Pepero 杏仁巧克力口味餅乾棒32g-10盒裝,80,3200,,,6/27空調-2,2027/01/30,98801062478166,AIRCON,2026-06-26 14:36:49
,BK9291,LOTTE Pepero 白巧克力口味餅乾棒32g-10盒裝,80,3200,,,6/27空調-2,2027/01/21,58801062636353,AIRCON,2026-06-26 14:36:49
,BK9305,LOTTE Pepero 草莓脆粒餅乾棒32g,62,2507,,,6/27空調-2,2027/01/27,18801062862532,AIRCON,2026-06-26 14:36:49
,BK9307,LOTTE Pepero 草莓脆粒餅乾棒32g - 10盒裝,80,3200,,,6/27空調-2,2027/02/08,18801062862532,AIRCON,2026-06-26 14:36:49
,BK9275,LOTTE Pepero 杏仁巧克力口味餅乾棒32g,78,3120,,,6/27空調-3,2027/03/20,78801062267711,AIRCON,2026-06-26 14:36:49
,BK9275,LOTTE Pepero 杏仁巧克力口味餅乾棒32g,80,3200,,,6/27空調-3,2027/03/20,78801062267711,AIRCON,2026-06-26 14:36:49
,BK9275,LOTTE Pepero 杏仁巧克力口味餅乾棒32g,80,3200,,,6/27空調-3,2027/03/20,78801062267711,AIRCON,2026-06-26 14:36:49
,BK9275,LOTTE Pepero 杏仁巧克力口味餅乾棒32g,80,3200,,,6/27空調-3,2027/03/20,78801062267711,AIRCON,2026-06-26 14:36:49
,BK9276,LOTTE Pepero 白巧克力口味餅乾棒32g,80,3200,,,6/27空調-3,2027/01/21,58801062636353,AIRCON,2026-06-26 14:36:49
,BK9278,LOTTE Pepero 黑餅乾巧克力口味餅乾棒,71,2840,,,6/27空調-3,2027/05/18,28801062481730,AIRCON,2026-06-26 14:36:49
,BK9283,LOTTE  Pepero 杏仁巧克力口味餅乾棒分享盒,65,585,,,6/27空調-3,2027/04/12,48801062267796,AIRCON,2026-06-26 14:36:49
,BK9283,LOTTE  Pepero 杏仁巧克力口味餅乾棒分享盒,72,648,,,6/27空調-3,2027/04/13,48801062267796,AIRCON,2026-06-26 14:36:49
,BK9283,LOTTE  Pepero 杏仁巧克力口味餅乾棒分享盒,72,648,,,6/27空調-3,2027/04/12,48801062267796,AIRCON,2026-06-26 14:36:49
,BK9283,LOTTE  Pepero 杏仁巧克力口味餅乾棒分享盒,72,648,,,6/27空調-3,2027/04/12,48801062267796,AIRCON,2026-06-26 14:36:49
,BK9290,LOTTE Pepero 白巧克力口味餅乾棒32g FOR PX,79,3160,,,6/27空調-3,2027/03/10,58801062636353,AIRCON,2026-06-26 14:36:49
,BK9291,LOTTE Pepero 白巧克力口味餅乾棒32g-10盒裝,80,3200,,,6/27空調-3,2027/03/10,58801062636353,AIRCON,2026-06-26 14:36:49
,BK9291,LOTTE Pepero 白巧克力口味餅乾棒32g-10盒裝,80,3200,,,6/27空調-3,2027/03/10,58801062636353,AIRCON,2026-06-26 14:36:49
,BK9291,LOTTE Pepero 白巧克力口味餅乾棒32g-10盒裝,80,3200,,,6/27空調-3,2027/03/10,58801062636353,AIRCON,2026-06-26 14:36:49
,BK9291,LOTTE Pepero 白巧克力口味餅乾棒32g-10盒裝,80,3200,,,6/27空調-3,2027/01/21,58801062636353,AIRCON,2026-06-26 14:36:49
,BK9305,LOTTE Pepero 草莓脆粒餅乾棒32g,80,3200,,,6/27空調-3,2027/01/28,18801062862532,AIRCON,2026-06-26 14:36:49
,BK9305,LOTTE Pepero 草莓脆粒餅乾棒32g,80,3200,,,6/27空調-3,2027/01/28,18801062862532,AIRCON,2026-06-26 14:36:49
,BK9313,LOTTE Pepero 草莓脆粒餅乾棒32g - 5盒裝,80,3200,,,6/27空調-3,2027/02/08,18801062862532,AIRCON,2026-06-26 14:36:49
,BK9274,LOTTE Pepero 巧克力口味餅乾棒47g,60,2400,,,6/27空調-4,2027/04/12,28801062639483,AIRCON,2026-06-26 14:36:49
,BK9274,LOTTE Pepero 巧克力口味餅乾棒47g,80,3200,,,6/27空調-4,2027/04/12,28801062639483,AIRCON,2026-06-26 14:36:49
,BK9274,LOTTE Pepero 巧克力口味餅乾棒47g,80,3200,,,6/27空調-4,2027/04/12,28801062639483,AIRCON,2026-06-26 14:36:49
,BK9279,LOTTE Pepero 脆心巧克力口味餅乾棒39g,80,3200,,,6/27空調-4,2027/04/22,18801062881748,AIRCON,2026-06-26 14:36:49
,BK9284,LOTTE Pepero 白巧克力口味餅乾棒分享盒,72,648,,,6/27空調-4,2027/03/04,48801062641237,AIRCON,2026-06-26 14:36:49
,BK9284,LOTTE Pepero 白巧克力口味餅乾棒分享盒,72,648,,,6/27空調-4,2027/03/04,48801062641237,AIRCON,2026-06-26 14:36:49
,BK9284,LOTTE Pepero 白巧克力口味餅乾棒分享盒,72,648,,,6/27空調-4,2027/03/04,48801062641237,AIRCON,2026-06-26 14:36:49
,BK9284,LOTTE Pepero 白巧克力口味餅乾棒分享盒,72,648,,,6/27空調-4,2027/03/04,48801062641237,AIRCON,2026-06-26 14:36:49
,BK9284,LOTTE Pepero 白巧克力口味餅乾棒分享盒,72,648,,,6/27空調-4,2027/03/04,48801062641237,AIRCON,2026-06-26 14:36:49
,BK9288,LOTTE Pepero 杏仁巧克力口味餅乾棒32g FOR PX,80,3200,,,6/27空調-4,2027/01/29,18801062132765,AIRCON,2026-06-26 14:36:49
,BK9288,LOTTE Pepero 杏仁巧克力口味餅乾棒32g FOR PX,80,3200,,,6/27空調-4,2027/03/20,18801062132765,AIRCON,2026-06-26 14:36:49
,BK9288,LOTTE Pepero 杏仁巧克力口味餅乾棒32g FOR PX,80,3200,,,6/27空調-4,2027/03/20,18801062132765,AIRCON,2026-06-26 14:36:49
,BK9291,LOTTE Pepero 白巧克力口味餅乾棒32g-10盒裝,80,3200,,,6/27空調-4,2027/03/10,58801062636353,AIRCON,2026-06-26 14:36:49
,BK9291,LOTTE Pepero 白巧克力口味餅乾棒32g-10盒裝,80,3200,,,6/27空調-4,2027/01/21,58801062636353,AIRCON,2026-06-26 14:36:49
,BK9291,LOTTE Pepero 白巧克力口味餅乾棒32g-10盒裝,80,3200,,,6/27空調-4,2027/01/21,58801062636353,AIRCON,2026-06-26 14:36:49
,BK9305,LOTTE Pepero 草莓脆粒餅乾棒32g,60,2400,,,6/27空調-4,2027/01/28,18801062862532,AIRCON,2026-06-26 14:36:49
,BK9305,LOTTE Pepero 草莓脆粒餅乾棒32g,80,3200,,,6/27空調-4,2027/01/28,18801062862532,AIRCON,2026-06-26 14:36:49
,BK9307,LOTTE Pepero 草莓脆粒餅乾棒32g - 10盒裝,78,3120,,,6/27空調-4,2027/01/27,18801062862532,AIRCON,2026-06-26 14:36:49
,BK9215,LOTTE 巧克力派(6顆裝)-4盒裝,60,960,,,6/27空調-5,2027/06/03,18801062126481,AIRCON,2026-06-26 14:36:49
,BK9215,LOTTE 巧克力派(6顆裝)-4盒裝,60,960,,,6/27空調-5,2027/06/03,18801062126481,AIRCON,2026-06-26 14:36:49
,BK9215,LOTTE 巧克力派(6顆裝)-4盒裝,60,960,,,6/27空調-5,2027/06/03,18801062126481,AIRCON,2026-06-26 14:36:49
,BK9215,LOTTE 巧克力派(6顆裝)-4盒裝,60,960,,,6/27空調-5,2027/06/03,18801062126481,AIRCON,2026-06-26 14:36:49
,BK9274,LOTTE Pepero 巧克力口味餅乾棒47g,19,790,,,6/27空調-5,2027/04/05,28801062639483,AIRCON,2026-06-26 14:36:49
,BK9274,LOTTE Pepero 巧克力口味餅乾棒47g,56,2240,,,6/27空調-5,2027/04/12,28801062639483,AIRCON,2026-06-26 14:36:49
,BK9275,LOTTE Pepero 杏仁巧克力口味餅乾棒32g,11,450,,,6/27空調-5,2027/01/29,78801062267711,AIRCON,2026-06-26 14:36:49
,BK9275,LOTTE Pepero 杏仁巧克力口味餅乾棒32g,20,800,,,6/27空調-5,2027/01/29,78801062267711,AIRCON,2026-06-26 14:36:49
,BK9276,LOTTE Pepero 白巧克力口味餅乾棒32g,13,520,,,6/27空調-5,2027/03/10,58801062636353,AIRCON,2026-06-26 14:36:49
,BK9276,LOTTE Pepero 白巧克力口味餅乾棒32g,14,560,,,6/27空調-5,2027/01/21,58801062636353,AIRCON,2026-06-26 14:36:49
,BK9276,LOTTE Pepero 白巧克力口味餅乾棒32g,62,2490,,,6/27空調-5,2027/01/21,58801062636353,AIRCON,2026-06-26 14:36:49
,BK9276,LOTTE Pepero 白巧克力口味餅乾棒32g,80,3200,,,6/27空調-5,2027/03/10,58801062636353,AIRCON,2026-06-26 14:36:49
,BK9276,LOTTE Pepero 白巧克力口味餅乾棒32g,80,3200,,,6/27空調-5,2027/03/10,58801062636353,AIRCON,2026-06-26 14:36:49
,BK9276,LOTTE Pepero 白巧克力口味餅乾棒32g,80,3200,,,6/27空調-5,2027/03/10,58801062636353,AIRCON,2026-06-26 14:36:49
,BK9276,LOTTE Pepero 白巧克力口味餅乾棒32g,80,3200,,,6/27空調-5,2027/03/10,58801062636353,AIRCON,2026-06-26 14:36:49
,BK9276,LOTTE Pepero 白巧克力口味餅乾棒32g,80,3200,,,6/27空調-5,2027/03/10,58801062636353,AIRCON,2026-06-26 14:36:49
,BK9276,LOTTE Pepero 白巧克力口味餅乾棒32g,80,3200,,,6/27空調-5,2027/03/10,58801062636353,AIRCON,2026-06-26 14:36:49
,BK9276,LOTTE Pepero 白巧克力口味餅乾棒32g,80,3200,,,6/27空調-5,2027/03/10,58801062636353,AIRCON,2026-06-26 14:36:49
,BK9278,LOTTE Pepero 黑餅乾巧克力口味餅乾棒,5,200,,,6/27空調-5,2027/05/18,28801062481730,AIRCON,2026-06-26 14:36:49
,BK9282,LOTTE Pepero 巧克力口味餅乾棒分享盒180g,72,648,,,6/27空調-5,2027/03/18,48801062016097,AIRCON,2026-06-26 14:36:49
,BK9282,LOTTE Pepero 巧克力口味餅乾棒分享盒180g,72,648,,,6/27空調-5,2027/03/18,48801062016097,AIRCON,2026-06-26 14:36:49
,BK9282,LOTTE Pepero 巧克力口味餅乾棒分享盒180g,72,648,,,6/27空調-5,2027/03/18,48801062016097,AIRCON,2026-06-26 14:36:49
,BK9305,LOTTE Pepero 草莓脆粒餅乾棒32g,80,3200,,,6/27空調-5,2027/01/27,18801062862532,AIRCON,2026-06-26 14:36:49
,BK9305,LOTTE Pepero 草莓脆粒餅乾棒32g,80,3200,,,6/27空調-5,2027/01/28,18801062862532,AIRCON,2026-06-26 14:36:49
,BK9305,LOTTE Pepero 草莓脆粒餅乾棒32g,80,3200,,,6/27空調-5,2027/01/28,18801062862532,AIRCON,2026-06-26 14:36:49
,BK9279,LOTTE Pepero 脆心巧克力口味餅乾棒39g,16,663,,,6/27空調-6,2027/04/22,18801062881748,AIRCON,2026-06-26 14:36:49
,BK9280,LOTTE Pepero 杏仁白巧克力口味餅乾棒 32g,38,1520,,,6/27空調-6,2027/03/11,18801062880147,AIRCON,2026-06-26 14:36:49
,BK9280,LOTTE Pepero 杏仁白巧克力口味餅乾棒 32g,39,1581,,,6/27空調-6,2027/05/13,18801062880147,AIRCON,2026-06-26 14:36:49
,BK9282,LOTTE Pepero 巧克力口味餅乾棒分享盒180g,0,5,,,6/27空調-6,2026/08/17,48801062016097,AIRCON,2026-06-26 14:36:49
,BK9282,LOTTE Pepero 巧克力口味餅乾棒分享盒180g,37,338,,,6/27空調-6,2027/03/18,48801062016097,AIRCON,2026-06-26 14:36:49
,BK9283,LOTTE  Pepero 杏仁巧克力口味餅乾棒分享盒,4,36,,,6/27空調-6,2027/04/12,48801062267796,AIRCON,2026-06-26 14:36:49
,BK9283,LOTTE  Pepero 杏仁巧克力口味餅乾棒分享盒,6,54,,,6/27空調-6,2027/05/14,48801062267796,AIRCON,2026-06-26 14:36:49
,BK9283,LOTTE  Pepero 杏仁巧克力口味餅乾棒分享盒,17,158,,,6/27空調-6,2026/11/25,48801062267796,AIRCON,2026-06-26 14:36:49
,BK9283,LOTTE  Pepero 杏仁巧克力口味餅乾棒分享盒,29,261,,,6/27空調-6,2027/04/13,48801062267796,AIRCON,2026-06-26 14:36:49
,BK9283,LOTTE  Pepero 杏仁巧克力口味餅乾棒分享盒,40,360,,,6/27空調-6,2027/04/12,48801062267796,AIRCON,2026-06-26 14:36:49
,BK9284,LOTTE Pepero 白巧克力口味餅乾棒分享盒,25,225,,,6/27空調-6,2027/02/04,48801062641237,AIRCON,2026-06-26 14:36:49
,BK9284,LOTTE Pepero 白巧克力口味餅乾棒分享盒,46,414,,,6/27空調-6,2027/03/04,48801062641237,AIRCON,2026-06-26 14:36:49
,BK9284,LOTTE Pepero 白巧克力口味餅乾棒分享盒,51,459,,,6/27空調-6,2027/03/04,48801062641237,AIRCON,2026-06-26 14:36:49
,BK9285,LOTTE Pepero 脆心巧克力口味餅乾棒分享盒,11,99,,,6/27空調-6,2027/04/01,18801062880888,AIRCON,2026-06-26 14:36:49
,BK9286,LOTTE Pepero 黑餅乾巧克力口味餅乾棒分享盒,46,414,,,6/27空調-6,2027/05/26,18801062865717,AIRCON,2026-06-26 14:36:49
,BK9288,LOTTE Pepero 杏仁巧克力口味餅乾棒32g FOR PX,6,240,,,6/27空調-6,2027/01/29,18801062132765,AIRCON,2026-06-26 14:36:49
,BK9289,LOTTE Pepero 杏仁巧克力口味餅乾棒32g-10盒裝,4,160,,,6/27空調-6,2027/01/29,98801062478166,AIRCON,2026-06-26 14:36:49
,BK9289,LOTTE Pepero 杏仁巧克力口味餅乾棒32g-10盒裝,23,920,,,6/27空調-6,2027/02/13,98801062478166,AIRCON,2026-06-26 14:36:49
,BK9289,LOTTE Pepero 杏仁巧克力口味餅乾棒32g-10盒裝,38,1520,,,6/27空調-6,2027/01/29,98801062478166,AIRCON,2026-06-26 14:36:49
,BK9289,LOTTE Pepero 杏仁巧克力口味餅乾棒32g-10盒裝,45,1800,,,6/27空調-6,2027/01/30,98801062478166,AIRCON,2026-06-26 14:36:49
,BK9290,LOTTE Pepero 白巧克力口味餅乾棒32g FOR PX,58,2320,,,6/27空調-6,2027/01/21,58801062636353,AIRCON,2026-06-26 14:36:49
,BK9291,LOTTE Pepero 白巧克力口味餅乾棒32g-10盒裝,37,1480,,,6/27空調-6,2027/01/21,58801062636353,AIRCON,2026-06-26 14:36:49
,BK9215,LOTTE 巧克力派(6顆裝)-4盒裝,32,512,,,6/27空調-7,2027/06/03,18801062126481,AIRCON,2026-06-26 14:36:49
,BK9293,LOTTE Pepero 黑餅乾巧克力口味餅乾棒32g-10盒裝,20,800,,,6/27空調-7,2027/05/18,28801062481730,AIRCON,2026-06-26 14:36:49
,BK9293,LOTTE Pepero 黑餅乾巧克力口味餅乾棒32g-10盒裝,54,2160,,,6/27空調-7,2027/02/10,28801062481730,AIRCON,2026-06-26 14:36:49
,BK9294,LOTTE Pepero 脆心巧克力口味餅乾棒39g  FOR PX,9,360,,,6/27空調-7,2027/04/22,18801062881748,AIRCON,2026-06-26 14:36:49
,BK9305,LOTTE Pepero 草莓脆粒餅乾棒32g,34,1360,,,6/27空調-7,2027/01/28,18801062862532,AIRCON,2026-06-26 14:36:49
,BK9313,LOTTE Pepero 草莓脆粒餅乾棒32g - 5盒裝,9,360,,,6/27空調-7,2027/01/27,18801062862532,AIRCON,2026-06-26 14:36:49
,BK9314,LOTTE Pepero 黑餅乾巧克力口味餅乾棒FOR PX,30,1200,,,6/27空調-7,2027/05/18,28801062481730,AIRCON,2026-06-26 14:36:49
,BK9318,LOTTE Pepero巧克力夾心口味餅乾棒45g,25,1000,,,6/27空調-7,2027/01/11,18801062860521,AIRCON,2026-06-26 14:36:49
,BK9318,LOTTE Pepero巧克力夾心口味餅乾棒45g,55,2200,,,6/27空調-7,2027/02/08,18801062860521,AIRCON,2026-06-26 14:36:49
,BK9358,LOTTE Pepero 巧克力口味餅乾棒分享盒for PX,1,9,,,6/27空調-7,2027/03/18,18801062016096,AIRCON,2026-06-26 14:36:49
,BK9359,LOTTE  Pepero 杏仁巧克力口味餅乾棒分享盒for PX,54,486,,,6/27空調-7,2027/04/13,28801062482201,AIRCON,2026-06-26 14:36:49
,BK9360,LOTTE Pepero 白巧克力口味餅乾棒分享盒for PX,55,495,,,6/27空調-7,2027/02/04,68801062479834,AIRCON,2026-06-26 14:36:49
,CJ0017,LOTTE Ghana加納牛奶可可製品(片裝)50g,18,2250,,,6/27空調-7,2026/12/31,14903333258847,AIRCON,2026-06-26 14:36:49
,CJ9389,LOTTE Zero可可製品-隨手包,7,630,,,6/27空調-7,2026/12/31,14903333220448,AIRCON,2026-06-26 14:36:49
,CJ9457,LOTTE Zero可可製品,3,240,,,6/27空調-7,2027/01/31,44903333248733,AIRCON,2026-06-26 14:36:49
,CJ9458,LOTTE ZERO巧克力70%(添加植物油),5,400,,,6/27空調-7,2027/01/31,44903333207235,AIRCON,2026-06-26 14:36:49
